persona,story_id,creativity,story_text
A,1,low,"You have a wonderful mix of activities that bring joy and balance to your life. Your commitment to reading novels every day shows your love for stories, while your exercise program and stretching help keep your body active and healthy. Connecting with your sister through video calls and participating in the art study circle adds a lovely social aspect to your routine, enriching your days with meaningful interactions.

For the coming week, consider maintaining your daily reading and morning stretching, as these activities set a positive tone for each day. You might also want to prioritize your exercise program a few times, as it not only boosts your physical health but can also enhance your mood. Don’t forget to enjoy listening to music every other day; it can be a delightful way to unwind. Lastly, look forward to your weekly video call with your sister, as these moments can bring warmth and laughter to your week.

Reflecting on your activities, remember that each one contributes to your overall happiness and well-being. Embrace the joy they bring and allow yourself to savor these moments. You are creating a fulfilling week ahead, filled with purpose and connection."
A,2,high,"You have a wonderful selection of activities that bring you joy and balance in life. Your commitment to reading novels every day showcases your love for stories and the relaxation they provide. Stretching every morning helps to keep your body limber, and engaging in social connections through video calls with your sister and the art study circle enriches your week with shared experiences.

To make the upcoming week truly happy, consider maintaining your daily reading, as it consistently offers you enjoyment and fulfillment. Incorporating your exercise program a few times can invigorate your body and lift your spirits, even if it’s just for a short while. Make an effort to listen to music every other day, allowing those melodies to uplift you. Also, don’t forget about your social interactions; a call with your sister can be a lovely way to catch up and share in each other's lives, while the art study circle allows for creativity and connection.

Remember, each activity you participate in contributes to your overall well-being and happiness. Embrace this week as an opportunity to enrich your life through the things you love. You have the ability to create a fulfilling week ahead, one step at a time."
A,3,low,"You have a wonderful mix of activities that support your physical, social, and emotional wellbeing. Your commitment to reading novels every day and enjoying music every other day shows your dedication to recovery and relaxation. Additionally, your exercise program and stretching routine contribute positively to your physical health, while your connections with family and friends through video calls and art study circles enrich your social life.

To make the coming week more recovering, consider increasing your focus on activities that bring you joy and relaxation. You might want to dedicate a little more time to reading, perhaps exploring new genres or authors that excite you. Since you enjoy listening to music, you could create a playlist that uplifts your spirits or helps you unwind. Also, think about reaching out to your sister for an extra video call or inviting a friend to join you in your stretching routine. These small adjustments can enhance your sense of connection and wellbeing.

Remember, the goal is to nurture yourself and find balance in your activities. Each step you take towards prioritizing your recovery is meaningful. Embrace the week ahead with an open heart, knowing that you are taking positive steps for your wellbeing."
A,4,high,"You have wonderfully balanced activities in your routine that support both your physical health and emotional well-being. Engaging in exercise and stretching improves your physical strength, while reading novels and listening to music offers a delightful escape into different worlds. Additionally, your social connections, like video calls with your sister and the art study circle, enrich your life with meaningful interactions.

To make your coming week more restorative, consider increasing the frequency of your stretching sessions. Starting each morning with this practice can set a positive tone for your day. You might also want to find some moments to enjoy your novels or music during the day instead of just in the evening. This could help spread joy and relaxation throughout your week. Additionally, think about preparing a special topic for your next art circle, which could spark inspiration during your discussions with friends.

Reflecting on your activities can remind you of their importance in your life. You are doing a great job nurturing your body and spirit. Just remember that small adjustments can lead to more fulfilling experiences. Keep prioritizing what brings you joy and connection."
A,5,low,"You have been engaging in a variety of activities that contribute positively to your wellbeing. Your commitment to reading novels every day shows your dedication to personal growth and relaxation. Additionally, your exercise program and morning stretching routine help keep your body active and flexible, which is essential for maintaining good health. Connecting with your sister through video calls and participating in the art study circle also enriches your social life, providing valuable moments of joy and connection.

Reflecting on the past week, you have indeed done something important. By sticking to your exercise and stretching routines, you are taking care of your physical health. Your daily reading not only offers enjoyment but also stimulates your mind. The video call with your sister strengthens your family bonds, while the art study circle allows you to share experiences with friends. Each of these activities contributes to your overall wellbeing and happiness.

As you continue to engage in these meaningful activities, remember that they all play a significant role in your life. Each moment spent on exercise, reading, or connecting with loved ones adds purpose and fulfillment to your days. Keep nurturing these habits, as they are vital for your health and happiness."
A,6,high,"You have been engaging in a variety of activities that nourish both your body and mind. Your commitment to your exercise program and daily stretching shows how much you value your physical health. Meanwhile, reading novels allows you to escape into different worlds, and listening to music brings joy to your routine, creating a balanced lifestyle filled with recovery and enrichment.

Reflecting on the past week, you participated in several important activities. You continued your exercise program a few times, maintaining your physical fitness. Each morning you dedicated time to stretch, nurturing your body’s flexibility. You enjoyed reading every day, which not only entertains you but also enhances your well-being. Additionally, your video call with your sister fostered meaningful connection, reminding you of the importance of social bonds. You also participated in your art study circle, sharing experiences and creativity with friends, which speaks to your dedication to nurturing relationships.

Each of these moments contributes to your overall happiness and health. Recognizing the value of these experiences can reinforce your sense of purpose and well-being. Keep up the great work, as each step you take adds meaning to your life and those around you."
A,7,low,"You have engaged in a variety of activities that contribute positively to your wellbeing. Your commitment to exercise a few times per week shows your dedication to maintaining physical health, while your daily stretching routine helps keep your body flexible and energized. Additionally, your love for reading novels every day provides you with a wonderful escape and enriches your mind.

Reflecting on the past week, you have balanced your physical, social, and recovery activities well. You have enjoyed the pleasure of reading, which is a significant source of joy for you. Listening to music every other day has likely uplifted your spirits, and your weekly video call with your sister has strengthened your family bonds. Participating in the art study circle every other week has also allowed you to connect with friends and share your passion for creativity.

As you continue to engage in these fulfilling activities, remember that each one contributes to your overall happiness and wellbeing. Your efforts to stay active, connect with loved ones, and nurture your interests are commendable. Keep embracing these moments, as they bring purpose and meaning to your life."
A,8,high,"It's wonderful to see how committed you are to your activities! You have a lovely balance of physical, social, and recovery efforts in your routine. From exercising a few times each week to reading your novels daily, you’re actively taking care of your body, mind, and connections with others. Your mix of stretching, music, and time spent with family and friends adds richness to your life.

Reflecting on your past week, you have fulfilled your motives beautifully. You engaged in your exercise program a few times, keeping your body active and strong. Each morning, you took the time to stretch, fostering flexibility and comfort. Your daily readings provided joy and relaxation, while listening to music every other day brought a sense of peace and enjoyment. You also valued your social connections, having a video call with your sister once a week and participating in the art study circle every other week with your friend, creating meaningful moments.

It’s clear that these activities bring purpose and fulfillment to your life. They not only support your physical health but also nurture your spirit and relationships. Keep embracing these positive habits; they are a testament to your commitment to well-being and happiness."
B,1,low,"You have a wonderful mix of activities that bring joy and fulfillment to your life. Your daily walks and caring for your grandchildren are not only beneficial for your physical health but also enrich your social connections. Engaging in group aerobics and participating in a local community organization adds variety and fun to your routine, while meditation and spending time in nature provide essential moments of recovery and peace.

This coming week, consider prioritizing your daily walks and time with your grandchildren, as both activities are highly important and enjoyable for you. You might also want to include group aerobics a few times, as it adds a social element and keeps your body active. Don’t forget to engage with your community organization; it’s a great way to connect with friends and share experiences. Balancing these activities will help create a week filled with happiness and connection.

Remember, each activity you choose contributes to your overall wellbeing. Embrace the joy of being active, social, and mindful. You have the power to shape your week into a fulfilling experience, and I believe you can make it a truly happy one."
B,2,high,"You are already engaged in a wonderful variety of activities, B. Your daily walks and caring for your grandchildren bring joy and connection to your life. Group aerobics and spending time in nature add both physical movement and relaxation, making your routines well-rounded and fulfilling. These activities reflect your commitment to your health and happiness.

For the coming week, consider prioritizing your daily walks and time with your grandchildren. These activities are highly important and bring you great joy. You might also want to include a session of group aerobics to keep your body active; it’s not just fun but also an excellent way to boost your mood. Additionally, think about engaging with your local community organization, as it will enrich your social connections. Balancing these activities with your meditation practice can provide you with recovery time, helping you to feel refreshed and ready for each day.

As you plan your week, remember that each activity you choose contributes to your well-being. Finding joy in movement, connection, and reflection will help create a happy week ahead. Embrace the opportunities to nurture yourself and those around you."
B,3,low,"You have a wonderful mix of activities that support your physical, social, and emotional wellbeing. Your daily walks and caring for your grandchildren not only keep you active but also bring joy and connection to your life. Engaging in group aerobics and participating in a local community organization adds variety and fun to your routine, while meditation and spending time in nature help you recharge.

To make the coming week more recovering, consider increasing your meditation sessions. Even a few extra minutes each day can enhance your sense of calm and clarity. You might also want to dedicate some time to reflect on your experiences with your grandchildren, perhaps by sharing stories or engaging in creative activities together. This can deepen your bond and provide a sense of fulfillment. Additionally, try to incorporate more time in nature, whether it’s a longer walk or simply sitting outside to enjoy the fresh air.

Remember, each small step you take towards recovery is meaningful. Your commitment to these activities shows your dedication to your wellbeing. Embrace this week as an opportunity to nurture yourself and enjoy the connections that bring you joy."
B,4,high,"You have a wonderful variety of activities that bring joy and connection to your life. Engaging in group aerobics, daily walks, spending time with your grandchildren, and participating in a local community organization all contribute significantly to your physical health and social wellbeing. Each of these activities is meaningful to you, providing a balance of fun and importance.

To make this coming week more focused on recovery, consider adding a few more moments of mindfulness to your daily routine. You could set aside a specific time for meditation each day, even if it’s just for 10 minutes. This practice can help calm your mind and recharge your energy. Additionally, ensuring you take a walk in a natural setting may enhance your recovery, allowing you to enjoy the beauty around you while promoting peaceful thoughts. Make sure to take time to relax while caring for your grandchildren, embracing those joyful moments fully.

Remember, prioritizing your recovery is just as important as your social and physical activities. By incorporating these mindful practices, you can enhance your wellbeing and create a more balanced, fulfilling week ahead. You deserve this time for yourself, so embrace the journey of nurturing your mind and spirit."
B,5,low,"You have been actively engaging in a variety of meaningful activities that contribute to your wellbeing. Your commitment to daily walks and caring for your grandchildren shows how you prioritize both physical health and social connections. Additionally, your participation in group aerobics and community organization highlights your desire to stay active and involved in your local community.

Reflecting on the past week, you certainly did something important. By spending time with your grandchildren every day, you not only provided love and support but also created joyful memories that strengthen your family bonds. Your daily walks and group aerobics sessions contribute significantly to your physical health, while your meditation practice offers moments of recovery and calm. Each of these activities plays a vital role in your overall wellbeing.

As you continue to engage in these fulfilling activities, remember that they bring purpose and joy to your life. Your efforts to stay active, connect with loved ones, and participate in your community are commendable. Keep nurturing these habits, as they enrich your life and the lives of those around you."
B,6,high,"You have been engaged in a variety of meaningful activities this past week, demonstrating a wonderful balance between physical, social, and recovery-focused pursuits. Your commitment to daily walks and caring for your grandchildren shows how you prioritize both your health and your loved ones. Participating in group aerobics and spending time in nature also highlight your dedication to staying active and connected to the world around you.

Reflecting on your week, it’s clear that you have indeed done something important. Your daily walks and regular group aerobics not only help maintain your physical well-being but also bring joy and vitality to your routine. Caring for your grandchildren every day is a beautiful expression of love and support, creating lasting memories for both you and them. Engaging with your local community organization adds another layer of connection, enriching your social life and fostering friendships that can last a lifetime.

As you continue to embrace these activities, remember that they truly matter. Every step you take, whether in nature, through exercise, or while spending time with family, contributes to your overall well-being. Your efforts to connect with both yourself and others are commendable and essential to living a fulfilling life. Keep nurturing these meaningful aspects of your daily routine."
B,7,low,"You have been actively engaging in a variety of fulfilling activities that contribute to your physical, social, and emotional wellbeing. Your commitment to daily walks and caring for your grandchildren highlights your dedication to staying active and nurturing important relationships. Additionally, your participation in group aerobics and community organization shows your willingness to connect with others while having fun.

Reflecting on the past week, you have successfully balanced your physical and social needs. You walked every day, which not only keeps you fit but also allows you to enjoy the outdoors. Caring for your grandchildren daily has brought joy and connection into your life, fulfilling your social motives. Engaging in group aerobics and community activities has provided you with opportunities to meet new friends and share experiences, enhancing your sense of belonging.

As you continue on this journey, remember that each activity you participate in adds value to your life. Your efforts in maintaining a healthy lifestyle and nurturing relationships are commendable. Keep embracing these activities, as they bring purpose and joy to your days. You are doing wonderfully, and your commitment to wellbeing is truly inspiring."
B,8,high,"You have been actively nurturing your physical, social, and mental well-being through a variety of meaningful activities. Your commitment to group aerobics and daily walks reflects your dedication to staying physically active, while caring for your grandchildren adds a delightful social dimension to your day. Engaging with a local community organization further enriches your connections and provides a sense of belonging.

Reflecting on the past week, you have embraced a balanced routine that fulfills your motives for health and connection. Your few sessions of meditation offered you moments of calm and reflection, allowing you to recharge. Daily walks and time spent in nature also contributed positively to your mental and emotional health, helping you feel more grounded. Each interaction with your grandchildren brought joy and fulfillment, reinforcing the importance of family and social ties in your life.

As you continue on this path, remember that each activity you engage in not only serves your well-being but also brings light to those around you. Your efforts are making a meaningful impact, and every small step you take is a testament to your commitment to a happy, fulfilling life. Keep nurturing yourself; you are doing wonderfully."
C,1,low,"You have a wonderful mix of activities that bring joy and fulfillment to your life. Gardening, walking, and spending time with family and friends all contribute to your physical and emotional well-being. Each of these activities not only keeps you active but also connects you with the world around you, which is so important.

For the coming week, consider focusing on your daily walks, as they are a great way to stay active and clear your mind. You might also enjoy your weekly gardening session, which can be both relaxing and rewarding. Don’t forget to make time for your calls with your children; these conversations are meaningful and can brighten your day. If you feel up to it, perhaps you could invite a friend to join you for a walk or participate in your handicraft circle. These social interactions can enhance your week and create lasting memories.

Remember, each activity you choose has its own value and can contribute to a happy week. Embrace the moments of joy and connection, and know that you are nurturing both your body and spirit. You have the power to create a fulfilling week ahead."
C,2,high,"You have a lovely blend of activities that not only keep you active but also bring joy and connection to your life. Gardening, walking, and spending time with family and friends provide you with a wonderful balance of physical exercise, social interaction, and relaxation. Each of these activities carries its own unique benefits, helping you to feel fulfilled and engaged in your daily routine.

For the coming week, consider prioritizing your daily walks. They are great for your physical health and will help elevate your mood each day. You might also look forward to your weekly gardening session, which can be both fun and rewarding as you nurture your plants. Don't forget to enjoy some relaxing reading a few times this week, as it will give you a nice break and stimulate your mind. Additionally, make sure to connect with your children and friends through calls or your handicraft circle. These social interactions will enrich your week and provide a sense of belonging.

As you plan your week, remember that each activity you choose contributes to your overall well-being and happiness. Embrace the moments you create, knowing they bring joy and meaning to your life. You are taking steps towards a happy week, and I believe you will find fulfillment in each experience."
C,3,low,"You have a wonderful variety of activities that bring joy and balance to your life. Gardening, walking, and spending time with family and friends all contribute to your physical and social wellbeing. Additionally, your moments of relaxation through reading and watching TV provide a nice blend of recovery and enjoyment. It’s clear that you value both connection and personal time.

To make the coming week more recovering, consider increasing your reading time. Since you find it both enjoyable and important, perhaps you could set aside a little more time for this activity. You might also think about incorporating an extra walk with a friend or family member, as social interactions can enhance your mood and provide support. If possible, try to schedule your gardening for a day when you feel you need a boost, as being outdoors can be very refreshing.

Remember, the goal is to nurture yourself and find joy in your activities. Each small step you take towards recovery can lead to a more fulfilling week. Embrace the moments that bring you peace and connection, and know that you are doing wonderfully."
C,4,high,"You have a lovely mix of activities in your week, balancing social connections, physical movement, and opportunities for relaxation. Your gardening and daily walks provide you with a wonderful way to stay active, while also giving you moments to enjoy nature. Calling your children and participating in your handicraft circle allow you to connect with loved ones and engage in creative projects, which are equally important for your wellbeing.

To make the coming week more restorative, consider increasing the time you spend on recovery activities. You might choose to read a book a little more often, enhancing your relaxation. Perhaps you could also arrange a movie night with family or friends, bringing together both fun and connection. Given your enjoyment of gardening, you could spend some extra time nurturing your plants, allowing that time in nature to be both physical and calming. 

Remember, every small effort contributes to your overall wellbeing. Focusing on these recovery activities can help you feel more balanced and energized. You are creating a life filled with meaning and enjoyment, and each step you take towards self-care is a step in the right direction."
C,5,low,"You have been engaging in a variety of activities that contribute positively to your wellbeing. Your gardening brings you joy and helps you stay active, while your daily walks keep you physically fit. Relaxing with a good book or watching your favorite shows provides you with much-needed recovery time. Connecting with your children and friends through calls and walks adds a wonderful social element to your week, enriching your life with meaningful relationships.

Reflecting on the past week, you have indeed done something important. You made time for your gardening, which not only nurtures your plants but also your spirit. Your daily walks and moments of relaxation have helped you maintain a balanced routine. Additionally, your calls with your children and walks with friends foster strong connections, reminding you of the love and support in your life. Each of these activities holds significance, contributing to your overall happiness and health.

As you continue to engage in these fulfilling activities, remember that each small step you take is meaningful. Your commitment to staying active, nurturing relationships, and allowing yourself time to relax is commendable. Keep embracing these moments, as they are essential for your wellbeing and bring purpose to your days."
C,6,high,"You have engaged in a variety of meaningful activities over the past week that contribute to your wellbeing. Your commitment to gardening, going for daily walks, and connecting with family through calls or visits shows a balanced approach to physical health, social interaction, and personal enjoyment. Each of these activities plays an important role in your overall wellbeing.

Reflecting on your week, you can indeed recognize the importance of what you have done. Your daily walks not only keep you active but also offer time for reflection and enjoyment of your surroundings. Relaxing with a book or watching a movie provides recovery time, which is essential. Furthermore, your weekly call with your children and your walks with friends strengthen your social bonds, bringing joy and support. Each of these moments reflects the importance of connection and care in your life.

As you look back, remember that every small step counts. Your activities not only nurture your physical health but also nourish your spirit and relationships. Keep embracing these experiences; they add purpose and joy to your days. Your choices reflect a wonderful commitment to living well."
C,7,low,"You have been engaging in a variety of activities that contribute positively to your wellbeing. From gardening and daily walks to relaxing with a good book or watching TV, you are balancing physical, social, and recovery activities in a meaningful way. Your commitment to connecting with family and friends through calls and walks shows the importance you place on social interactions, which enrich your life.

Reflecting on the past week, you have successfully fulfilled your motives by participating in these activities. You enjoyed your weekly gardening session, which not only provided physical exercise but also brought you joy. Your daily walks have kept you active, while your time spent reading and watching shows offered you moments of relaxation. Additionally, your calls with your children and walks with friends have strengthened your social connections, making you feel valued and supported.

As you continue to engage in these fulfilling activities, remember that each one contributes to your overall happiness and health. Embrace the joy they bring and the connections you nurture. You are doing wonderfully, and your efforts are making a positive difference in your life. Keep it up!"
C,8,high,"You have engaged in a variety of meaningful activities that bring a balance of physical exercise, social interaction, and relaxation into your life. Your commitment to gardening reflects your appreciation for nurturing and enjoying nature, while your daily walks keep you active and help maintain your well-being. Watching TV and reading offer you moments of calm, allowing you to unwind and stay connected with the world.

Over the past week, you've really fulfilled your social and personal motives. You made time for calls with your children, strengthening those important family bonds. Your weekly walk with a friend or family member has not only provided companionship but also a chance for shared moments that uplift your spirits. Attending your handicraft circle every other week adds creativity and social connection to your routine, enhancing your overall joy.

Reflecting on your activities, it’s clear that you are creating a rich tapestry of experiences that contribute to your well-being. Each activity you choose adds purpose and meaning to your days. Keep embracing these moments, as they are essential for a fulfilling and healthy life."
D,1,low,"You have a wonderful mix of activities that bring joy and connection to your life. Your commitment to cycling, spending time with family, and engaging in social interactions shows how much you value both your physical health and your relationships. Each of these activities contributes to your overall wellbeing, making your days richer and more fulfilling.

As you plan for the coming week, consider prioritizing your daily dinners with your partner, as they are a source of joy and connection. You might also want to include a few cycling trips to the store, which can be both enjoyable and beneficial for your health. Don’t forget to schedule time to listen to podcasts, as they can provide relaxation and new ideas. Additionally, reaching out to your mother through phone calls or visits can strengthen your bond and bring warmth to your week. Playing with your grandchildren, even if it’s just once, will surely fill your heart with happiness.

Reflect on how these activities not only enhance your wellbeing but also create meaningful moments in your life. Embrace the joy they bring and remember that each small step you take contributes to a happier week ahead. You have the power to shape your days, and I believe you will make choices that bring you joy and fulfillment."
D,2,high,"You have a wonderful range of activities that bring joy and connection to your life. From cycling to the store to enjoying dinners with your partner, these moments matter. You also engage in meaningful social activities, like visiting your mother and playing with your grandchildren. Each of these activities enriches your life in different ways.

This coming week, consider focusing on your more enjoyable activities to bring happiness. You could increase your cycling trips since it combines physical exercise with a bit of fun. Make sure to set aside time for those fulfilling conversations on the phone with your mother. Since you enjoy playing with your grandchildren, see if you can arrange another visit with them next week. Also, don’t forget your daily dinner with your partner, as this is a wonderful chance to bond and share your experiences.

As you plan your week, remember that balance is key. All these activities not only contribute to your wellbeing but also reflect your values of connection and joy. Embrace each moment, and you will create a fulfilling week ahead!"
D,3,low,"You have a wonderful mix of activities that support your physical health, social connections, and personal recovery. Cycling to the store and exercising at the gym show your commitment to staying active, while your daily dinners with your partner and regular visits with your mother highlight the importance of nurturing relationships. Listening to podcasts and spending time with your grandchildren also add joy and relaxation to your routine.

To make the coming week more recovering, consider increasing the time you spend on activities that bring you joy and relaxation. You might want to listen to more podcasts, as they are both enjoyable and restorative. Additionally, try to incorporate a few more casual meet-ups with your neighbors, as these social interactions can lift your spirits. If possible, plan a special outing or activity with your grandchildren, as this is a source of great fun and connection for you.

Remember, the goal is to create a balance that feels fulfilling and rejuvenating. By focusing on activities that bring you joy and strengthen your connections, you can enhance your overall well-being. You are doing great, and small adjustments can lead to a more enriching week ahead."
D,4,high,"You have a wonderful variety of activities that balance physical movement, social connections, and personal enjoyment. Cycling to the store and gym workouts keep you active, while listening to podcasts and having dinner with your partner offer relaxation and connection. Your visits and conversations with family enrich your life, and spending time with your grandchildren brings joy.

To create a more recovering week, consider focusing on the activities that bring you the most satisfaction and relaxation. You might want to increase your cycling trips to the store, as they are both enjoyable and physically beneficial. Additionally, plan for more dinners with your partner and phone conversations with your mother. These moments strengthen your support network and nurture your wellbeing. You could also set a specific time to play with your grandchildren, as this brings you immense joy and laughter.

Reflect on how these activities contribute to your overall happiness. Remember, prioritizing moments that uplift you will lead to a more fulfilling week. Embrace the value of connection, movement, and enjoyment, and allow yourself the space to recover and recharge."
D,5,low,"You have been engaging in a variety of meaningful activities that contribute to your overall wellbeing. Cycling to the store a few times a week not only helps you stay active but also adds a bit of fun to your routine. Your commitment to having dinner with your partner every day is a wonderful way to nurture your relationship, while visiting your mother once a week strengthens family bonds. Additionally, listening to podcasts and talking with your mother on the phone are great ways to relax and connect.

Reflecting on your past week, you certainly did something important. Each time you cycled to the store or spent time with your grandchildren, you were not just being active; you were also creating joyful memories. Your weekly visits to your mother and daily dinners with your partner show how much you value your relationships. These moments are significant and contribute to your emotional and social wellbeing.

As you continue to engage in these activities, remember that they bring purpose and joy to your life. Each connection you make and every effort you put into your health matters. Keep embracing these moments, as they enrich your life and the lives of those around you."
D,6,high,"You have been actively engaged in a variety of meaningful activities this past week. From cycling to the store and exercising at the gym to enjoying dinner with your partner, each moment reflects your commitment to maintaining both your physical health and your relationships. Your time spent with your mother, whether through visits or phone calls, showcases the importance you place on family connections. Additionally, playing with your grandchildren highlights the joy and love you share with them.

Reflecting on your question about important actions, it is clear that you have indeed done something significant. The daily dinners with your partner are a valuable way to strengthen your bond, and your weekly visits and conversations with your mother keep those relationships thriving. Cycling and exercising are not just activities; they contribute to your well-being and vitality, reminding you of the importance of staying active.

As you look back on the week, remember that every small action you take has meaning. Your efforts to connect with loved ones and engage in activities you enjoy bring richness to your life. Keep nurturing these connections, as they truly matter."
D,7,low,"You have been actively engaging in a variety of meaningful activities that contribute to your overall wellbeing. From cycling to the store to enjoying dinners with your partner, you have been balancing physical, social, and recovery activities in your life. Each of these activities plays a significant role in nurturing your body and spirit, while also fostering connections with those you care about.

Reflecting on the past week, you have fulfilled your motives by maintaining a routine that includes exercise, social interactions, and personal recovery time. You cycled to the store a few times, which not only keeps you physically active but also adds a sense of enjoyment to your errands. Your weekly gym sessions, though less frequent, contribute to your physical health. You have also prioritized meaningful connections, such as having dinner with your partner every day and visiting your mother weekly, which strengthens your family bonds. Listening to podcasts and talking with your mother on the phone have provided you with valuable recovery time and mental stimulation.

As you continue to engage in these activities, remember that each moment spent with loved ones and each effort to care for yourself adds purpose to your life. Your commitment to maintaining these connections and taking care of your wellbeing is commendable. Keep nurturing these habits, as they bring joy and fulfillment to your days."
D,8,high,"You have been engaged in a variety of meaningful activities that have contributed positively to your well-being. Cycling to the store and exercising at the gym have kept you physically active, while listening to podcasts has provided a delightful form of relaxation and entertainment. Your daily dinners with your partner foster closeness and shared joy, which is so important.

Over the past week, you have fulfilled your social and recovery needs effectively. Visiting your mother and talking with her on the phone have strengthened your family bonds while allowing you to enjoy each other's company. Meeting your neighbors brings a sense of community into your life. Playing with your grandchildren every other week has likely added a wonderful splash of fun and connection. Each of these activities reflects your commitment to nurturing relationships and taking care of yourself.

As you reflect on your activities, remember that the connections you maintain and the joy you find in simple moments give your life purpose and meaning. Continue engaging in what brings you happiness, and know that each effort you make nurtures your well-being. Keep up the great work!"
E,1,low,"You have a wonderful mix of activities that support your physical health, social connections, and personal enjoyment. Your commitment to daily rehab exercises and rest with a heat pack shows your dedication to recovery. Additionally, your outdoor walks and time spent watching sports bring a nice balance of movement and relaxation into your routine.

This coming week, consider focusing on your rehab exercises and short outdoor walks to maintain your physical strength and well-being. You might also enjoy your weekly cafe outing with a friend, which can uplift your spirits and provide a lovely change of scenery. Don’t forget to set aside time for board games or computer games with your partner; these moments can bring joy and laughter into your week. Each of these activities has its own importance and can contribute to a fulfilling week.

Remember, every small step you take towards your well-being matters. Embrace the activities that bring you joy and connection, and allow yourself to enjoy the process of recovery. You are doing great, and each week is an opportunity to create happiness in your life."
E,2,high,"You have a wonderful range of activities that support your physical health, recovery, and social connections. Each day, you dedicate time to rehab exercises and resting with a heat pack, both of which are crucial for your wellbeing. Your short outdoor walks and weekly visits to cafes or restaurants with friends also add a nice balance of enjoyment and social interaction to your routine.

For the coming week, consider continuing your daily rehab exercises and heat pack routine, as they keep you strong and comfortable. Try to include your short outdoor walks a few times, as being in nature can uplift your spirits. Watching sports can be a fun way to relax and connect with friends or family, so plan to enjoy a game together. Finally, don’t forget your weekly board game night with your partner, as it not only adds joy but also strengthens your bond.

Remember, each of these activities brings purpose and positivity to your life. By prioritizing them, you create a happy week for yourself. Embrace this opportunity to nurture your body and enjoy the company of loved ones, making every day count."
E,3,low,"You have been doing a wonderful job incorporating various activities into your routine. Your commitment to rehab exercises and daily rest with a heat pack shows your dedication to recovery. Enjoying short outdoor walks and spending time with friends and your partner through games adds a lovely balance of social interaction and fun to your week.

To make the coming week even more focused on recovery, consider increasing the frequency of your short outdoor walks. Perhaps aim for a walk every day, even if it’s just for a few minutes. This can help boost your mood and keep you physically active. Additionally, you might want to explore new cafes or restaurants with your friend, as a change of scenery can enhance your social experience. Remember to prioritize your rehab exercises and rest, ensuring you give your body the care it needs.

Reflecting on your week, remember that each small step you take contributes to your overall wellbeing. Embrace the activities that bring you joy and connection, as they are essential for your recovery journey. You are doing great, and every effort counts. Keep moving forward with confidence."
E,4,high,"You have a wonderful variety of activities that contribute to your wellbeing. Your daily rehab exercises and rest with a heat pack show your commitment to recovery, and your short outdoor walks add a refreshing touch to your routine. Engaging in social activities like visiting cafes and playing games with your partner creates joy and connection, which are equally important for your overall health.

To make the coming week more recovering, consider gently increasing your short outdoor walks to enjoy nature more often. This can enhance both your physical and mental wellbeing. Additionally, try to set aside extra time for rest, perhaps by using your heat pack after your walks or rehab exercises. Remember, pacing yourself is key. You might also look forward to your social activities by planning a fun outing or game night that you can really enjoy.

Reflect on how these activities not only promote recovery but also bring meaning to your days. Each step you take towards better health is valuable. Celebrate your progress, and remember that every small effort counts toward your journey of wellbeing. You are doing great, and each week is an opportunity for improvement."
E,5,low,"You have been engaging in a variety of activities that contribute positively to your wellbeing. Your commitment to daily rehab exercises and using a heat pack for rest shows your dedication to physical recovery. Additionally, your short outdoor walks and time spent watching sports provide a nice balance of movement and relaxation, while also allowing you to enjoy some leisure time.

Reflecting on the past week, you have indeed done something important. By consistently participating in your rehab exercises and taking time to rest, you are actively working towards your recovery goals. Your outdoor walks and social activities, like visiting a cafe with a friend and enjoying board games with your partner, not only enhance your physical health but also nurture your social connections and emotional wellbeing. Each of these activities plays a vital role in your overall progress.

As you continue on this journey, remember that every small step you take is significant. Your efforts in maintaining a routine that includes both physical and social activities are commendable. Keep focusing on what brings you joy and fulfillment, as these moments are essential for your recovery and happiness."
E,6,high,"You have been engaging in a variety of activities that support your wellbeing and recovery. Each day, you commit to your rehab exercises and take time to rest with a heat pack. These actions are not just routine; they represent your dedication to maintaining your physical health. Additionally, your short outdoor walks bring a sense of freshness and connection to your environment, while your time spent watching sports allows you to enjoy and relax.

Reflecting on your week, it's clear you’ve done many important things. Your daily rehab exercises and rest with a heat pack are vital for your recovery, helping you to strengthen your body. Moreover, the few times you walked outside and shared laughter during board games or social dinners with your friend and partner are equally valuable. These moments contribute not only to your physical wellbeing but also to your emotional health, ensuring you feel connected and engaged in life.

As you look back on your week, remember that each small step you take is significant. Your commitment to both physical and social activities shows strength and resilience. Keep nurturing these habits, as they play a crucial role in your journey towards recovery and overall happiness. Your efforts truly matter."
E,7,low,"You have been actively engaging in a variety of activities that support your physical and social wellbeing. Each day, you have dedicated time to your rehab exercises and used a heat pack to aid your recovery. Your commitment to short outdoor walks a few times a week has also contributed positively to your physical health, while enjoying sports has provided you with entertainment and relaxation.

Reflecting on the past week, you have successfully balanced your physical needs with social interactions. You have consistently completed your rehab exercises and made time for rest, which is essential for your recovery. Your visits to cafes and restaurants with a friend, along with playing board games or computer games with your partner, have added joy and connection to your week. These activities not only fulfill your social needs but also enhance your overall happiness.

As you continue on this journey, remember that each small step you take is significant. Your dedication to both recovery and social engagement is commendable. Keep nurturing these habits, as they bring purpose and meaning to your days, helping you to feel fulfilled and connected."
E,8,high,"You have engaged in a variety of activities that contribute positively to your wellbeing. By incorporating rehab exercises into your daily routine, you are prioritizing your physical health, even if it isn’t always the most enjoyable task. Your short outdoor walks and time spent watching sports provide you with both physical movement and the joy of leisure, helping you maintain a balance in life. 

Reflecting on the past week, you have consistently completed your rehab exercises, showing dedication to your recovery. Your daily rest with a heat pack helps soothe your body and supports your healing process. Additionally, the moments you’ve spent socializing at cafes and playing board games or computer games with your partner have enriched your week, adding joy and connection to your life. 

Remember, each of these activities plays a vital role in your overall wellbeing. Your commitment to both physical recovery and social interactions brings richness to your days. Continue to honor your needs and make time for the things that bring you joy, as this balance is essential for a fulfilling life."
