matched_id,story,topic_id,creativity,text
A,1,future_happy_week,low,"Imagine a week ahead filled with small moments of joy and energy. Each day offers a chance to embrace simple pleasures and connect with the world around you. By focusing on these moments, you can create a more uplifting experience that brightens your days.

Start each morning with a gentle routine that sets a positive tone. Perhaps enjoy a warm cup of tea or coffee while listening to your favorite music. Consider taking a short walk outside, feeling the fresh air and sunshine on your skin. Engaging in light activities, like stretching or gardening, can also help boost your mood. Throughout the week, reach out to friends or family for a chat or a visit, as these connections can bring warmth and happiness to your days.

As the week unfolds, take a moment each evening to reflect on what brought you joy. It could be a conversation, a beautiful sunset, or simply a quiet moment of peace. By recognizing these small joys, you can cultivate a sense of gratitude and energy that carries you forward."
A,2,future_happy_week,high,"Imagine a week filled with small moments of joy and energy. Each day, you might choose to focus on simple activities that uplift your spirit. It could be a leisurely morning, enjoying the warmth of sunlight as it streams through your window, or perhaps savoring a cup of your favorite tea while listening to gentle music. These small rituals can create a comforting start to each day.

As the week unfolds, consider taking short walks in a nearby park or spending time tending to plants if you have them. Engaging with nature, even for brief moments, can bring a refreshing sense of calm. You might also explore new hobbies or revisit old ones, whether it’s painting, reading, or connecting with friends over a phone call. Each new experience, no matter how small, can bring a sense of accomplishment and joy.

At the end of each day, reflecting on what brought you happiness can be rewarding. You might find that these little moments accumulate, creating a brighter outlook. Embracing this approach can lead to a week that feels more energizing and fulfilling."
A,3,future_recovery_week,low,"This week is a wonderful opportunity to focus on recovery and finding a balance between activity and rest. Each day can be a chance to listen to your body and give it what it needs. You can plan gentle activities that bring you joy while also allowing time for relaxation and reflection.

Consider starting your day with a short walk or some light stretching. These activities can help energize you and set a positive tone for the day. After your morning routine, take time to rest, perhaps with a book or some calming music. Throughout the week, aim to mix in moments of movement with periods of quiet. This balance can help you feel more centered and refreshed.

As the week unfolds, take a moment each day to reflect on how you feel. Notice the benefits of both activity and rest. This practice can help you understand what works best for you, leading to a more fulfilling and balanced routine in the days ahead."
A,4,future_recovery_week,high,"As you look ahead to a new week, consider it a time for recovery and balance. Imagine blending gentle activity with essential moments of rest. This week can be an opportunity to honor your body's needs while enjoying the simple pleasures of movement.

Each day, set aside time for light activities, such as a short walk or stretching. These moments can invigorate you and lift your spirits. It’s also important to schedule pauses throughout the day. Whether it’s enjoying a warm cup of tea or resting in a cozy chair, these breaks can help recharge your energy. Listening to your body and recognizing when to slow down is key to maintaining balance.

As the week unfolds, take note of how this rhythm of activity and rest affects your mood and energy levels. Reflecting on your experiences can deepen your understanding of what feels good for you. Embrace this time as a chance to nurture both your body and mind, guiding you toward a more fulfilling week ahead."
A,5,past_importance,low,"Reflecting on the past week can bring clarity about what activities felt important or meaningful to you. Each day offers opportunities to engage in moments that resonate with your values and interests. Whether it was a simple walk, a chat with a friend, or time spent on a favorite hobby, these experiences contribute to your overall sense of well-being.

Consider how these activities made you feel. Did they bring you joy, comfort, or a sense of connection? Engaging in meaningful activities can enhance your mood and provide a sense of purpose. Even small moments, like enjoying a cup of tea while watching the world go by, can hold significance. It’s important to recognize that every experience, no matter how simple, can add value to your life.

As you think about the week, take a moment to appreciate the activities that stood out to you. Reflecting on what felt meaningful can help guide your choices moving forward. Embracing these moments can enrich your days and foster a deeper connection to what matters most to you."
A,6,past_importance,high,"Reflecting on the past week, you may find that the activities you engaged in held special significance. Each moment spent, whether quietly at home or out among nature, contributes to a tapestry of experiences that shape your day-to-day life. Taking time to notice how these moments made you feel can enrich your understanding of their importance.

Participating in simple tasks, like tending to a garden or enjoying a meal with others, can bring joy and connection. Even moments of stillness, such as reading a book or listening to music, offer a chance to reflect and recharge. These activities help maintain a sense of purpose and allow you to engage with the world around you. They are valuable not just for what you do, but for how they make you feel more connected to yourself and others.

As you think back on this week, consider what brought you happiness and fulfillment. Each small moment matters, and recognizing their significance can inspire you to seek out similar experiences in the days ahead. Embracing these reflections can guide you towards a more meaningful week to come."
A,7,past_motives,low,"Reflecting on the past week can be a helpful way to understand how your activities aligned with your intentions. Each day offers opportunities to engage in things that matter to you, whether it’s connecting with others, enjoying a hobby, or simply taking time to relax. It’s important to consider how these activities made you feel and if they met your expectations.

As you think about the week, consider the reasons behind your choices. Did you aim to stay active, learn something new, or perhaps find moments of peace? It’s natural for some days to go as planned while others may not. Each experience contributes to your overall sense of fulfillment. Recognizing what worked well and what didn’t can guide your future choices, helping you to focus on what brings you joy and satisfaction.

Taking a moment to reflect can be beneficial. Think about what you enjoyed and what you might want to change. This practice can help you create a week ahead that feels more aligned with your desires and needs, allowing you to embrace each day with intention."
A,8,past_motives,high,"As you reflect on the past week, it's a good time to consider the activities you engaged in. Think about the reasons you chose those activities. Were they about connecting with others, enjoying a favorite hobby, or perhaps simply taking time for yourself? Recognizing your intentions can bring clarity to how fulfilling your week was.

Many activities serve different purposes. Some may help strengthen friendships, while others might provide a sense of achievement or relaxation. As you think back, consider how each activity made you feel. Did it bring joy, peace, or perhaps a sense of accomplishment? It’s important to acknowledge both the activities you enjoyed and those that may not have met your expectations. Each experience contributes to your overall journey.

In closing, take a moment to appreciate the choices you made. Reflecting on whether your intentions were fulfilled can guide you in planning future activities. Embrace the lessons learned, and consider what you might want to try next week for even greater fulfillment. Your time is valuable, and each moment holds the potential for joy and enrichment."
B,1,future_happy_week,low,"Imagine a week ahead filled with small moments of joy and energy. Each day can bring opportunities to connect with the world around you. Simple activities, like enjoying a morning cup of tea or taking a short walk, can help lift your spirits and bring a sense of calm.

Consider setting aside time for activities that bring you happiness. Perhaps you could explore a new book, listen to music that makes you smile, or try your hand at a creative hobby. Engaging with others, whether through a phone call or a visit, can also brighten your days. Sharing stories and laughter can create a sense of belonging and warmth.

As the week unfolds, take a moment each day to reflect on what brings you joy. Notice how even small changes can create a more uplifting atmosphere. Embracing these moments can lead to a happier and more energizing week, reminding you of the beauty in everyday life."
B,2,future_happy_week,high,"Imagine a week ahead filled with small moments of joy and energy. Each day offers a chance to embrace activities that uplift your spirit. Mornings can start with a gentle stretch or a warm cup of tea, setting a positive tone for the day. Each afternoon might bring an opportunity to enjoy a stroll in the fresh air or to connect with a friend, fostering connection and warmth.

Throughout the week, consider dedicating time to a favorite hobby or exploring a new interest. Engaging in creative activities, whether it’s painting, gardening, or reading, can bring satisfaction and spark enthusiasm. Simple pleasures, like listening to music or watching a captivating film, can add brightness to each day. Remember to be mindful of your surroundings and appreciate the little things, like the changing colors of the season or the sound of laughter.

As the week unfolds, take a moment to reflect on what brings you happiness and energy. Setting aside time for gratitude or moments of peace can enhance your overall well-being. Small adjustments can lead to a brighter, more fulfilling week ahead."
B,3,future_recovery_week,low,"This week is a wonderful opportunity to focus on recovery and finding a balance between activity and rest. Taking time to listen to your body can help you feel more energized and at ease. It’s important to create a routine that allows for gentle movement and moments of relaxation, supporting both your physical and mental well-being.

You might start each day with a short walk or some light stretching, followed by periods of rest to recharge. Consider setting aside time for activities that bring you joy, whether it’s reading, gardening, or enjoying a favorite hobby. Remember to pace yourself; it’s perfectly fine to take breaks whenever you need them. Incorporating mindfulness or simple breathing exercises can also enhance your sense of calm and clarity throughout the week.

As the week unfolds, take a moment to reflect on how you feel. Notice the balance you create between being active and resting. This mindful approach can lead to a greater sense of well-being, helping you to enjoy each day more fully."
B,4,future_recovery_week,high,"As you step into a new week, you may find comfort in focusing on recovery and the balance between activity and rest. Each day offers a chance to listen to your body and mind, allowing you to adjust your pace as needed. Embracing this approach can lead to a more fulfilling and refreshing week.

Consider starting each day with gentle stretches or a short walk, engaging your body while honoring its needs. After your activity, take time to rest and reflect. This balance is essential; simple tasks can nourish your spirit and provide a sense of accomplishment, while moments of rest help recharge your energy. Incorporating short breaks throughout your day can help maintain this rhythm, so you feel revitalized rather than worn out.

As the week unfolds, pay attention to how your body responds to varying levels of activity and rest. This mindfulness can guide you in creating a schedule that feels right for you. Remember, recovery is not just about resting; it is about finding harmony in how you move through your days."
B,5,past_importance,low,"Reflecting on the past week can bring clarity to what activities felt important or meaningful to you. Each day offers opportunities to engage in moments that resonate with your values and interests. Whether it was a simple walk, a conversation with a friend, or time spent on a favorite hobby, these experiences can shape your sense of fulfillment.

Consider how these activities contributed to your overall well-being. Engaging in things you enjoy can lift your spirits and provide a sense of purpose. Even small actions, like tending to a plant or listening to music, can create moments of joy and connection. It’s helpful to recognize how these experiences impact your mood and outlook, reminding you of what truly matters in your daily life.

As you think about the week, take a moment to appreciate the activities that brought you joy or peace. Reflecting on these moments can help you identify what you might want to continue or explore further. Each week is a chance to find meaning in your actions, guiding you toward a fulfilling routine."
B,6,past_importance,high,"Reflecting on the activities you engaged in over the past week can reveal how meaningful they were. Each moment spent doing something, whether big or small, contributes to your sense of fulfillment. This past week may have offered opportunities to connect with others, enjoy nature, or simply indulge in a favorite hobby—each valuable in its own right.

Many simple activities can bring joy and a sense of purpose. A walk in the fresh air can brighten your mood, while sharing a meal with someone can strengthen bonds. Taking time to read a book or explore a new recipe can spark creativity and provide comfort. It’s the moments of connection and joy that often hold the most significance, reminding you that every day is an opportunity to embrace what you love.

As you think back on your week, consider what felt meaningful to you. Reflecting on these experiences can help you identify what brings you joy and fulfillment. Small moments can have a lasting impact, guiding you toward activities that enrich your life in the days to come."
B,7,past_motives,low,"Reflecting on the past week can be a valuable exercise. It allows you to consider the activities you engaged in and whether they met your intentions. Each day offers opportunities to connect with others, pursue interests, or simply enjoy quiet moments. Taking time to think about these experiences can help you understand what brought you joy or fulfillment.

As you look back, think about the reasons behind your activities. Did you set out to socialize, learn something new, or take care of yourself? Consider how these intentions played out. Were there moments that felt particularly rewarding? Perhaps there were challenges that made it harder to achieve your goals. Recognizing both the successes and the obstacles can provide insight into what you might want to focus on in the future.

This reflection is not just about assessing the past; it can guide your choices moving forward. You might find it helpful to set small, achievable goals for the week ahead. Whether it’s reaching out to a friend or trying a new hobby, each step can contribute to your overall sense of well-being."
B,8,past_motives,high,"Reflecting on the past week can bring clarity to your activities and intentions. It’s a time to consider how well the reasons for your actions were met. Each day is filled with choices, and taking a moment to think about them can help you appreciate the small victories and learn from any challenges.

Perhaps you set out to engage in activities that bring you joy or comfort. Whether it was reading a book, enjoying a walk, or connecting with a friend, these moments are important. Checking in with yourself about how these activities felt can reveal whether they fulfilled their purpose. Did they lift your spirits or provide a sense of accomplishment? Knowing what worked well can guide your choices in the future.

As you move forward, consider what you learned from this past week. Reflecting on your experiences can help shape your plans and priorities. Remember, it’s all about finding what resonates with you and nurturing those interests as you go along. Each small step is worth celebrating."
C,1,future_happy_week,low,"Imagine a week ahead filled with small moments that bring joy and energy. Each day can offer opportunities to connect with nature, enjoy a favorite hobby, or share a meal with someone special. These simple activities can create a sense of purpose and happiness, making each day feel brighter.

Consider starting your mornings with a gentle walk outside. The fresh air and sunlight can lift your spirits and energize you for the day. You might also set aside time for a hobby you love, whether it’s reading, gardening, or crafting. Engaging in activities that bring you joy can help you feel more fulfilled. Connecting with friends or family, even through a phone call, can also add warmth to your days.

As the week unfolds, take a moment to reflect on how these small changes make you feel. Notice the little joys and the energy they bring. Embracing these moments can lead to a happier, more vibrant week ahead."
C,2,future_happy_week,high,"Imagine a week filled with small moments that bring joy and energy to your days. Each morning, as the sun rises, you can take a moment to appreciate the warmth of its light. You might start your day with a gentle stretch, inviting relaxation into your body. Let the peacefulness of the morning fill you, setting a positive tone for what lies ahead.

As the week unfolds, consider simple activities that bring you satisfaction. Perhaps a stroll in the fresh air can awaken your senses and lift your spirits. You could also explore a hobby or reconnect with an old interest. Engaging with a friend or family member, even through a phone call, can add a sense of connection and warmth. Each day offers a chance to notice the beauty around you, whether it's a blooming flower or a favorite song on the radio.

Reflect on how these small choices can create a brighter week. Embrace the little victories, knowing that each moment of joy adds to your overall wellbeing. Just by being open to happiness, you can find energy and contentment in the days ahead."
C,3,future_recovery_week,low,"This week, you can focus on recovery and finding a balance between activity and rest. It’s important to listen to your body and give yourself the time you need to recharge. Each day presents an opportunity to engage in gentle activities while also allowing for moments of relaxation. 

You might start your mornings with light stretching or a short walk, enjoying the fresh air and the sounds around you. After some activity, take time to rest, perhaps with a book or a favorite hobby. This balance helps your body recover and can improve your overall mood. Consider setting small goals for each day, like spending a little time outdoors or connecting with a friend, while also scheduling quiet moments to reflect and relax.

As the week progresses, pay attention to how you feel. Notice the benefits of balancing movement with rest. This approach can help you feel more energized and content. Remember, taking care of yourself is a journey, and each small step counts."
C,4,future_recovery_week,high,"As the week begins, you may find yourself welcoming a new focus on recovery and balance in your daily activities. Each day offers an opportunity to blend moments of gentle movement with intervals of restorative rest. This approach can help nurture both your body and mind, allowing you to feel refreshed and energized as the days unfold.

You might start each morning with a short, mindful stretch or a leisurely walk, tuning into how your body feels and what it needs. Following this, taking time to relax with a favorite book or listening to soft music can provide a sense of calm and rejuvenation. Throughout the week, consider balancing those active moments with quiet pauses, whether through a brief meditation or enjoying a warm cup of tea in a cozy spot. Each activity and rest period invites you to pay attention to your well-being and embrace the rhythm of your day.

Reflecting on this week, you may find that the harmony between activity and rest brings a sense of ease and satisfaction. Embracing this balance can lead to brighter moments each day, encouraging a deeper connection to yourself and your surroundings. Remember, taking time for recovery is a gift you give to yourself."
C,5,past_importance,low,"Reflecting on the past week can bring a sense of clarity and understanding about what truly matters to you. The activities you engaged in, whether big or small, often hold significance in shaping your days. Taking a moment to consider these experiences can help you appreciate their value.

Every activity, from a simple walk in the park to a phone call with a friend, contributes to your overall sense of wellbeing. These moments can provide joy, connection, and a sense of purpose. Even routine tasks can be meaningful, as they create structure and familiarity in your life. Think about how these activities made you feel and what they brought to your week. Recognizing their importance can enhance your appreciation for daily life.

As you reflect, consider what activities brought you happiness or peace. This reflection can guide you in choosing how to spend your time in the coming days. Embracing meaningful moments can enrich your life and help you stay connected to what you value most."
C,6,past_importance,high,"Reflecting on the past week can offer valuable insights into your daily life and the significance of your activities. Each moment spent doing something, whether big or small, contributes to your overall sense of purpose. Taking a moment to consider what you did can help highlight the importance of those experiences and how they made you feel.

Many activities hold meaning beyond their surface appearance. Perhaps you enjoyed a leisurely walk outdoors, relishing the fresh air and sights around you. Or maybe you spent time connecting with a friend, sharing stories that brought a smile to your face. These moments, while simple, can nourish your spirit and enhance your sense of belonging. Each hour spent engaging with the world around you can lead to feelings of fulfillment and joy.

As you look back, think about what brought you happiness or peace. Recognizing these moments can guide you in choosing future activities that resonate with you. Embracing what matters most can lead to a more enriching and enjoyable week ahead."
C,7,past_motives,low,"Reflecting on the past week can bring clarity and insight. It’s a good time to think about the activities you engaged in and whether they met your intentions. Each day offers opportunities to connect, learn, or simply enjoy the moment, and recognizing how these activities aligned with your goals can be rewarding.

Consider the reasons behind your choices. Did you seek social interaction, physical movement, or perhaps a moment of peace? It’s common for plans to shift or for some activities to feel more fulfilling than others. Acknowledging what worked well and what didn’t can help you understand your needs better. This reflection can guide you in planning future activities that resonate more deeply with you.

As you think about the week, remember that every experience contributes to your journey. Whether you fulfilled your intentions or not, each moment holds value. Embrace the lessons learned and consider how you might approach the coming days with renewed focus and intention."
C,8,past_motives,high,"Reflecting on the past week can bring a sense of clarity about the activities you chose to pursue. Each day offered its own opportunities and challenges, and it's helpful to consider whether your reasons for engaging in those activities were met. Taking a moment to think back can deepen your appreciation for the time spent.

Many people approach their week with intentions, whether to stay active, connect with others, or find moments of joy. As you think about the activities you took part in, consider how they aligned with your goals. Did you find satisfaction in the time spent outdoors? Were your conversations meaningful? It's valuable to recognize how each action contributed to your overall sense of well-being, even if some days felt more productive than others.

In reflecting on your week, consider what brought you joy and what may have felt less fulfilling. This process can help you plan for the days ahead, allowing you to embrace activities that resonate with your heart. Every week is a new chance to cultivate happiness and connection, guiding you toward what truly matters."
D,1,future_happy_week,low,"Imagine a week ahead filled with small moments of joy and energy. Each day can bring opportunities to connect with nature, enjoy a good book, or share a meal with a friend. These simple activities can lift your spirits and create a sense of purpose. Taking time to notice the little things, like the warmth of the sun or the sound of laughter, can make each day feel brighter.

Consider starting your mornings with a gentle stretch or a short walk. This can help awaken your body and mind, setting a positive tone for the day. You might also explore new hobbies or revisit old ones, whether it’s gardening, painting, or cooking a favorite recipe. Engaging in activities that bring you joy can spark creativity and provide a sense of accomplishment. Connecting with others, even through a phone call or a letter, can strengthen bonds and bring warmth to your days.

As the week unfolds, take a moment each evening to reflect on what brought you happiness. Acknowledging these moments can help you appreciate the beauty in everyday life. Embracing this mindset can lead to a more fulfilling and energizing week ahead."
D,2,future_happy_week,high,"Imagine a week where each day brings a little more joy and energy into your life. A week can be a wonderful opportunity to embrace simple pleasures and discover new routines that uplift your spirit. By focusing on small, positive changes, you can create an atmosphere that feels brighter and more fulfilling.

You might start your mornings with gentle stretches or a leisurely breakfast, taking time to enjoy each bite. An afternoon walk can become a refreshing break, allowing you to soak in the fresh air and appreciate the sights around you. Connecting with others, whether through a phone call or a visit, can also add warmth and joy to your day. Engaging in a hobby, like reading or gardening, can spark creativity and keep your mind active. These small actions can energize you and enhance your well-being.

As the week unfolds, take time to reflect on what brings you happiness. Remember, it's about embracing each moment and finding joy in everyday activities. Consider what makes you feel alive, and hold onto those experiences as you create a fulfilling week ahead."
D,3,future_recovery_week,low,"This week, you can focus on recovery and finding a balance between activity and rest. Each day offers a chance to listen to your body and respond to its needs. By setting aside time for both gentle movement and relaxation, you can create a rhythm that supports your overall well-being.

Consider starting your day with a short, light activity, such as stretching or a leisurely walk. This can help energize you and set a positive tone for the day. Afterward, allow yourself time to rest, perhaps with a book or some quiet music. Throughout the week, aim to include moments of activity, like gardening or light household tasks, followed by periods of rest. This balance can help you feel more refreshed and engaged.

As the week progresses, take a moment to reflect on how this balance affects your mood and energy levels. Notice what activities bring you joy and which moments of rest feel most restorative. This awareness can guide you in creating a routine that nurtures both your body and mind."
D,4,future_recovery_week,high,"As the week unfolds, it offers a gentle reminder to focus on recovery and the importance of balancing activity with restful moments. Each day is an opportunity to explore how movement and rest can work together to support your wellbeing. A mindful approach can enhance your daily experiences, allowing you to find joy in both active moments and quiet reflection.

Consider beginning your days with light stretches or a leisurely walk. These gentle movements can awaken your body and spirit, easing any stiffness while promoting a sense of energy. Following these activities, taking time to rest becomes equally vital. Perhaps you choose to read a book, listen to soft music, or simply enjoy the view from a window. This balance of effort and relaxation can create a rhythm that nurtures both your mind and body.

By the week's end, reflect on how this rhythmic balance has felt for you. Each moment of rest after activity reinforces your strength and resilience. Remember, it's the small, consistent choices you make that can lead to a greater sense of overall wellbeing. Embrace this week as a gentle path toward harmony in your life."
D,5,past_importance,low,"Reflecting on the past week can bring a sense of clarity and understanding. It’s important to consider how the activities you engaged in contributed to your overall sense of well-being. Each moment spent doing something meaningful can shape your feelings and thoughts, helping you connect with what matters most to you.

Activities, whether big or small, often hold significance in our lives. They can provide joy, a sense of accomplishment, or even a chance to connect with others. Think about the moments that stood out to you. Did you enjoy a conversation with a friend, take a walk in nature, or spend time on a hobby? Each of these experiences can add value to your week, reminding you of the importance of staying engaged and present.

As you reflect on these moments, consider how they made you feel. Were there activities that brought you peace or happiness? Recognizing what is meaningful to you can guide your choices moving forward, helping you create more fulfilling days ahead."
D,6,past_importance,high,"Reflecting on the past week, you may notice that each day held its own set of activities, some big and some small. These moments can hold meaning, shaping how you feel and connecting you to the world around you. It’s important to recognize that even simple tasks, like having a cup of tea or watering plants, can bring joy and fulfillment.

Often, activities can become meaningful when they allow you to engage with your surroundings or people. Perhaps you spent time reading a book, going for a walk, or even chatting with a neighbor. Each of these experiences can create a sense of routine and purpose. They help you stay connected to what you enjoy and what matters to you. By taking a moment to think about these activities, you can see how they contribute to your overall sense of wellbeing.

As you reflect on this week, consider what made you smile or feel content. Recognizing the importance of these moments can help you cherish them and seek more of what brings you happiness in the days ahead. Every little activity counts in nurturing your spirit."
D,7,past_motives,low,"Reflecting on the past week can be a helpful way to understand how your activities aligned with your intentions. Each day offers opportunities to engage in things that matter to you, whether it’s spending time with loved ones, pursuing a hobby, or simply enjoying a quiet moment. It’s important to consider if those activities brought you joy or fulfillment.

As you think about the week, consider the reasons behind your choices. Did you set out to connect with friends, learn something new, or take time for self-care? Sometimes, the outcomes may not match our expectations, and that’s okay. It’s natural for plans to shift or for some activities to feel more rewarding than others. Reflecting on these experiences can help you identify what truly brings you satisfaction and what you might want to change moving forward.

Taking a moment to reflect can guide your choices in the coming week. Think about what worked well and what didn’t. This awareness can help you create a more fulfilling routine that aligns with your desires and needs. Each week is a new chance to explore what brings you happiness and peace."
D,8,past_motives,high,"Reflecting on the past week can be a valuable way to understand how well your activities aligned with your intentions. You may have set out to engage in social activities, enjoy some time outdoors, or focus on hobbies that bring you joy. Each of these goals can contribute to your overall sense of wellbeing and fulfillment.

As you think about the activities you pursued, consider whether they met the reasons you chose them. Perhaps you attended a gathering with friends, which not only provided companionship but also lifted your spirits. Or maybe you spent time in nature, finding peace and rejuvenation in the fresh air. Assessing your experiences can help clarify what truly enriches your days and what might require more attention moving forward.

In closing, take a moment to acknowledge your efforts and the satisfaction gained from activities that resonate with you. This reflection can guide your choices for the coming week, helping you prioritize what brings you happiness and connection. Remember, small steps can lead to significant changes in your life."
E,1,future_happy_week,low,"Imagine a week ahead filled with small moments of joy and energy. Each day offers a chance to embrace simple pleasures that can brighten your spirit. Whether it’s enjoying a warm cup of tea in the morning sun or taking a leisurely stroll in a nearby park, these moments can help create a sense of happiness.

Consider setting aside time each day for activities that bring you peace and satisfaction. You might enjoy reading a favorite book, listening to music, or connecting with a friend over the phone. Engaging in light exercise, even a gentle stretch or a short walk, can also boost your mood and energy levels. Finding time for creativity, like drawing or gardening, can add a fulfilling touch to your week.

As you look forward to the days ahead, think about how these small actions can contribute to a brighter outlook. Reflect on what makes you feel good and how you can incorporate those elements into your routine. Each day is an opportunity to nurture your well-being and embrace the joy around you."
E,2,future_happy_week,high,"Imagine a week filled with moments that lift your spirits and energize your days. You wake each morning to sunlight streaming through the window, inviting you to greet the day with a sense of possibility. Each day offers opportunities to connect, explore, and find joy in both familiar and new experiences. Perhaps you start with a gentle stretch or a walk outside, feeling the fresh air invigorate you.

As the days unfold, consider planning small activities that bring you happiness. Maybe you’ll visit a favorite spot, enjoy a good book, or spend time with friends or family. Engaging in hobbies can spark creativity, whether that’s gardening, crafting, or even cooking a new recipe. Each moment of joy adds energy to your week, filling your time with laughter and connection.

At the end of the week, take a moment to reflect on the small joys you experienced. Notice how they made you feel. Remember, even simple changes can brighten your days and enrich your life. Embrace the possibilities, and look forward to the happiness waiting for you."
E,3,future_recovery_week,low,"This week, you focus on recovery and finding a balance between activity and rest. Each day offers a chance to listen to your body and understand its needs. Embracing this time can help you feel more energized and centered.

You might start your mornings with gentle stretches or a short walk, allowing your body to wake up slowly. After some activity, take time to rest, perhaps enjoying a warm cup of tea or reading a favorite book. Throughout the day, consider incorporating small tasks that bring you joy, like tending to plants or organizing a space. Remember to pause and breathe deeply, giving yourself permission to relax when needed. Balancing movement with rest can enhance your overall well-being.

As the week unfolds, reflect on how these moments of activity and rest make you feel. Each day is an opportunity to nurture yourself, both physically and mentally. Embrace this time to recharge and enjoy the simple pleasures that come with a balanced routine."
E,4,future_recovery_week,high,"Imagine a week where you focus on recovery, balancing gentle activities with moments of rest. Each day holds the promise of nurturing both body and mind, embracing a rhythm that supports your wellbeing. You can create a space for yourself where relaxation and light movement coexist, allowing you to feel rejuvenated.

Begin your mornings with a few calming stretches, welcoming the day with a sense of ease. After some movement, take time for a quiet moment, perhaps enjoying a cup of tea or simply watching the world outside. Throughout the day, weave in short walks or light tasks that bring you joy, followed by periods of rest where you can read, listen to music, or enjoy a hobby. This balance of activity and relaxation can help you feel centered and refreshed.

As the week unfolds, take time to reflect on how this gentle approach feels. Consider what activities bring you peace and joy, and notice how rest allows you to savor these experiences. Embracing this balance can support your journey to feeling better and more connected to your everyday life."
E,5,past_importance,low,"Reflecting on the past week can bring clarity to what matters most in your life. Each day offers opportunities to engage in activities that can enrich your experience. Whether you spent time with loved ones, enjoyed a hobby, or simply took a moment to appreciate nature, these moments hold significance.

Activities that bring you joy or peace can contribute to your overall sense of well-being. Engaging in familiar routines or trying something new can help you feel connected and fulfilled. Even small actions, like reading a book or taking a walk, can create a sense of purpose and satisfaction. It’s important to recognize how these moments shape your days and contribute to your happiness.

As you think back on the week, consider what activities felt meaningful to you. Reflecting on these experiences can help you identify what you value most. Moving forward, you might choose to prioritize those activities that bring you joy and connection, enhancing your daily life."
E,6,past_importance,high,"Reflecting on the past week can bring a sense of clarity about what truly matters to you. Each activity, no matter how small, can hold meaning and contribute to your overall well-being. It is in these moments that we often find joy, comfort, or even a sense of accomplishment.

Think about the simple activities you engaged in. Whether it was tending to a garden, sharing a meal with someone special, or enjoying a quiet moment with a book, each experience adds value to your life. Connecting with nature, spending time with loved ones, or indulging in a favorite hobby can bring warmth and fulfillment. These moments create a tapestry of memories that enrich your days and nurture your spirit.

As you move forward, consider how you can incorporate more of these meaningful activities into your routine. Reflecting on what felt significant can guide you in making choices that resonate with your heart. Each day offers a new opportunity to embrace what brings you happiness and connection."
E,7,past_motives,low,"Reflecting on the past week can be a valuable exercise. It allows you to consider the activities you engaged in and whether they met your expectations. Each day offers opportunities to connect with your interests and goals, and it’s helpful to take a moment to think about how those activities felt.

As you look back, consider the reasons behind your choices. Did you seek enjoyment, connection, or perhaps a sense of accomplishment? Think about whether those activities brought you the fulfillment you hoped for. It’s normal for some days to feel more satisfying than others, and that’s part of the journey. Recognizing what worked well can guide you in planning future activities that resonate with you.

Taking time to reflect can help you appreciate the small moments and lessons learned. Whether you found joy in a simple task or felt challenged by an activity, each experience contributes to your overall well-being. Embrace this reflection as a way to nurture your interests and make choices that bring you happiness in the days ahead."
E,8,past_motives,high,"Reflecting on the past week can offer valuable insights into how well your activities met your intentions. It’s helpful to take a moment to think about what you aimed to accomplish. Perhaps you wanted to enjoy some time outside, connect with loved ones, or engage in a favorite hobby. Each of these activities can bring joy and fulfillment, and recognizing their importance is key.

As you consider your week, think about whether these goals were achieved. Did you spend time in nature, feel the warmth of companionship, or find peace in your creative pursuits? It’s natural that not every aim might have been fully realized, but even small steps toward your intentions are meaningful. Celebrate the moments you did have, and acknowledge any challenges without judgment. Each day offers a new chance to adjust and try again.

As you look ahead, hold onto the reflections from this week. Perhaps there are ways to prioritize activities that bring you happiness or comfort. Embrace the journey of finding what fulfills you, knowing that each step is part of your unique path."
